受试者,参考BPM,最优算法,最优BPM,最优误差,均值法_BPM,ACMD_BPM,VMD_BPM,EMD_BPM,VME_BPM,CEEMDAN_HB_BPM
WWW1,88.21,VME,86.19,2.02,66.71,95.83,66.71,66.71,86.19,66.71
WWW4,79.90,ACMD,74.53,5.36,63.77,74.53,63.77,63.77,74.53,60.98
WWW5,82.67,均值法,82.35,0.32,82.35,83.85,82.35,82.35,83.85,82.35
WWW6,84.78,均值法,83.85,0.93,83.85,83.85,83.85,83.85,83.85,90.59
WWW7,81.59,均值法,79.36,2.23,79.36,83.85,79.36,79.36,79.36,79.36
WWW8,86.56,ACMD,83.85,2.71,81.70,83.85,81.70,81.70,80.95,83.85
WWW10,79.90,均值法,82.44,2.55,82.44,83.85,82.44,82.44,83.85,82.44
WWW11,76.76,ACMD,74.53,2.22,70.37,74.53,70.37,70.37,74.53,67.08
WWW12,75.17,均值法,75.61,0.44,75.61,74.53,75.61,75.61,74.53,75.61
